{"n_feat": 100, "richness": [0.07320944211011349, 0.6826864266631393, 0.7060024081379959, 0.4822045253891374, 0.7663368678984719, 0.6266941014723928, 0.6351207304034306, 0.9126344416443547, 0.4570907593527671, 0.8648450067978544, 0.31714899242544325, 0.32170591668313475, 0.10927352841744464, 0.5778900238941709, 0.8123387864727959, 0.9033785370208591, 0.2200128096930536, 0.9940347554588662, 0.8552581968051775, 0.43761161399763526, 0.2894478982831975, 0.8546151204960762, 0.33848683494005105, 0.7148766050023603, 0.3976444697074827, 0.670236970716258, 0.41491998320426837, 0.8830137292915239, 0.45623072447948154, 0.3290462649065783, 0.9232753089886534, 0.5623372826776074, 0.17961682248212507, 0.2814576972409415, 0.9402898221919855, 0.3134866797622402, 0.08386631414470924, 0.8364372315600914, 0.4615044064115317, 0.3945835834173068, 0.12660561872189635, 0.5680771523000929, 0.05097824859582656, 0.4919706626943834, 0.8398802624199182, 0.638753827046988, 0.14200773213271667, 0.28797285306105036, 0.6992524649846863, 0.13640506841797995, 0.15797398624427839, 0.4817546871574858, 0.7026543848427605, 0.6709320575798219, 0.9334836942521579, 0.9530648367965497, 0.7637483775723034, 0.07327778509515703, 0.30151776600717717, 0.7943428031515805, 0.5145967437241263, 0.9073492587933691, 0.0659583826980552, 0.1750500338012041, 0.12232771284339206, 0.24092833821037896, 0.14861120891643842, 0.6995834124306497, 0.5699050742826974, 0.21577270869287424, 0.41251860204218227, 0.19063368812913117, 0.4137217282201531, 0.4286696047802543, 0.7679803751723451, 0.7416064095917838, 0.7500557166999435, 0.14479803338311015, 0.7687744709622355, 0.5257480022617809, 0.04162222172397556, 0.5288614166093714, 0.7738199117630509, 0.3537938186720919, 0.7844535056423867, 0.04368344305444549, 0.8309869003225284, 0.7532715020025219, 0.3422116088157394, 0.18294542163168837, 0.202586479566788, 0.3839228583102883, 0.5832053818197674, 0.12349594673571784, 0.08864790446995696, 0.30356302434885574, 0.11460918344792237, 0.44991007223124435, 0.2164559914834544, 0.29480858958254075], "reliability": [0.6187908828141968, 0.5675791912353957, 0.4097917659433341, 0.986629173185419, 0.6762010089460788, 0.5277394051235484, 0.7002898026856135, 0.3293763797842576, 0.9389673056597659, 0.16731254858169486, 0.7508821764830514, 0.348730969692859, 0.5078603480436111, 0.14609689777853452, 0.3713493995326109, 0.0678176710709476, 0.7564830552312478, 0.7712523530368908, 0.41871654882044307, 0.1144568763935555, 0.7531337954854641, 0.3814951237258337, 0.5089128821082199, 0.3766836703618536, 0.36867441735858897, 0.04449156144153188, 0.016308754785030466, 0.3161098728434375, 0.7708196828514969, 0.034814275030820796, 0.41499490559483365, 0.4957910706314089, 0.7910619901607371, 0.5014791209552661, 0.8216301189643214, 0.7473932720653015, 0.7221184940182324, 0.7316230319808359, 0.38285668924176786, 0.3683170088365343, 0.38633256666205396, 0.19432100904445648, 0.843150021466464, 0.5984412421726619, 0.2868269576935102, 0.06924674523813812, 0.4786443974354171, 0.4623461243202097, 0.5020508921265431, 0.3273250765294523, 0.21739988884228156, 0.8520992507700156, 0.8692159773571314, 0.26540620210335986, 0.4663852781347335, 0.3586071931543511, 0.02635424671758213, 0.19022773927299585, 0.8336128581560873, 0.6939294385589354, 0.7186018813326508, 0.7131118680453344, 0.34582474580658884, 0.8868155071083472, 0.014066359729923539, 0.45036099944281205, 0.045722733339513266, 0.023784396127262464, 0.9776584897500429, 0.5287917142921131, 0.5891134717872908, 0.5486272637887788, 0.9191400507339889, 0.5768341997023206, 0.03887488247452864, 0.17054682319222259, 0.5890373171414284, 0.44465084859600323, 0.14848021856601645, 0.2216304290700022, 0.9037666417462652, 0.5762552033450481, 0.9820290890996977, 0.7142122630939209, 0.5549237670555189, 0.4884054641079456, 0.1433269994324481, 0.6777438780935627, 0.6094056157574086, 0.4045861021684879, 0.69969857431212, 0.5373618507481169, 0.06177388942087292, 0.7582865226158126, 0.4960575376575469, 0.2501223649515725, 0.6527173469834644, 0.427345760631168, 0.7064274726107154, 0.48209163770396624], "defects": [0.9089516202733429, 0.34973966712675597, 0.833959354215169, 0.28432934552806444, 0.6609619666186288, 0.32615646755184524, 0.3327169299600916, 0.04796174569775691, 0.22111322815348078, 0.4927202477713709, 0.8421639944724525, 0.3963190579927335, 0.05633268794189972, 0.6219274606505046, 0.9619372698862201, 0.7743033582402505, 0.8517633312342678, 0.030047672316676377, 0.3945423066991206, 0.3497070265743001, 0.4351652581197528, 0.7217928840783017, 0.0544998712293876, 0.3322210005998101, 0.3327821220288635, 0.3817560331940405, 0.976270110676344, 0.8221815216551459, 0.25877175266592023, 0.1838803799017107, 0.7496051415732354, 0.15405812639519534, 0.8356018833474644, 0.8649746552991696, 0.44967092123624597, 0.7205426981898019, 0.6267249652563449, 0.18404516292225126, 0.22378830767497948, 0.9667194650160392, 0.3582630005286048, 0.3064006483826659, 0.9235712912781702, 0.38379594250341964, 0.11773492650111983, 0.3942447424169685, 0.5631487348542452, 0.26720791760107354, 0.179187238631777, 0.056170377103531455, 0.7935103667565259, 0.40845206229199815, 0.3747125418228644, 0.3077616138671275, 0.45189192189193006, 0.9600731003809658, 0.8090580665861999, 0.04993329286758752, 0.465591505347533, 0.2647127599243094, 0.9231888641379244, 0.13254792638058588, 0.5940623022230399, 0.5393899755205952, 0.8885016291578843, 0.2817159135328072, 0.6844768592346628, 0.7736910958432062, 0.836569218948607, 0.5340423954285141, 0.5472857812419387, 0.2861236113584702, 0.866234956562993, 0.3161350406581368, 0.29173725621404156, 0.2170204543647517, 0.4727834261468511, 0.6500622520755275, 0.6388256147769051, 0.35862455396002935, 0.5608055878846221, 0.3317949592471683, 0.29944930515017, 0.2785448994402049, 0.5845034761378839, 0.36248680774497455, 0.7600623229560768, 0.264523242090437, 0.6526047303588707, 0.8371595355907567, 0.25040352975022917, 0.8925001845445019, 0.24399133079409807, 0.28096263921174025, 0.34608416737125824, 0.972957932558931, 0.18313083403974917, 0.04065309183356791, 0.9318614352695437, 0.8779689384636573],