{"n_feat": 20, "richness": [0.23600875509965025, 0.8436379233854179, 0.6423845500083943, 0.46050116364773097, 0.4350991770760183, 0.7802941636103816, 0.6133451282683092, 0.4873368809583679, 0.8238398452955087, 0.6453308376553765, 0.1196665837248343, 0.5787478917158739, 0.8558141496389866, 0.7378675011929562, 0.7884963188825697, 0.8209151349582221, 0.7789081387093467, 0.06146241731640956, 0.29069181823185786, 0.7773803419038652], "reliability": [0.7609419835521057, 0.0988863875060002, 0.2571017515877947, 0.8640868828632337, 0.34210136395561386, 0.12239186308552563, 0.6243428772635664, 0.3637389280955464, 0.06023887138990369, 0.36814489173915277, 0.7291408915460206, 0.08868681613886642, 0.4824061700565342, 0.19632314512457938, 0.5691205309711687, 0.1727373531913774, 0.3645071525590625, 0.09568708562220796, 0.9642409083127094, 0.9772814415077414], "defects": [0.5444441435442507, 0.4125989393238175, 0.11405314377005038, 0.7688409982625446, 0.326258537356121, 0.5644502484330635, 0.5423967352075312, 0.5947671494845167, 0.8143230711295396, 0.26949122282451243, 0.2082684488106351, 0.5915025892907876, 0.25959521802193, 0.33960740281875634, 0.5481498325860142, 0.8455289160701674, 0.925855546380754, 0.9469013874633374, 0.1638033896250517, 0.2905382899020067], "cost": [0.6011420948443736, 0.3706744289445806, 0.038240650538516885, 0.336266417497593, 0.47645649097450893, 0.17658328488604913, 0.811047989420547, 0.36659057310053167, 0.6270377603104533, 0.8378502367567825, 0.37296113810121245, 0.2648951053860984, 0.033980164136646396, 0.9655750094964373, 0.031713165844543756, 0.11242493028938516, 0.8488055824168962, 0.1623001431675679, 0.972624622455243, 0.6925801714128127], "mandatory": [13], "require": [[12, 7], [14, 13], [0, 2], [11, 5], [9, 11], [1, 3], [15, 8], [16, 13], [7, 10], [15, 17]], "exclude": [[1, 16]], "alt_groups": [[12, 8, 15], [6, 19, 16]], "_x_star": [0, 0, 1, 1, 0, 0, 0, 0, 1, 0, 0, 0, 0, 1, 0, 0, 1, 1, 0, 0]}