{"n_feat": 50, "richness": [0.8566544098920708, 0.3714255368478928, 0.7847053280033353, 0.7776883142792235, 0.9298130289379366, 0.8096570527876087, 0.11065242394078156, 0.337395623379498, 0.17208330882596212, 0.5639001046775407, 0.5248983443905427, 0.7800887427589406, 0.985425679399478, 0.5885140260237423, 0.7722947444853265, 0.9587789668247556, 0.42431125033741257, 0.5722774354782191, 0.37104069967441, 0.1807477322746618, 0.3686833779806926, 0.4869978811276163, 0.37024804654929766, 0.7225159280243925, 0.5312549373961822, 0.38015797739017776, 0.8789073004027442, 0.6955019518370695, 0.08388192410399054, 0.25332098664151603, 0.48943169150626187, 0.5144835897566981, 0.1687014882324791, 0.1806060738162757, 0.8620802494459917, 0.316667876508108, 0.2630369602328704, 0.47494316648227974, 0.8230606305042618, 0.7295246905742384, 0.1508765861040121, 0.24517275184795084, 0.13559814969632977, 0.9489306348974773, 0.3955268868756139, 0.3561770768828333, 0.6863758570803059, 0.6926316611313995, 0.6430034765890061, 0.11513604006774203], "reliability": [0.7862413937392181, 0.8595981019194665, 0.6207400323811485, 0.9067196930036796, 0.46325618120691026, 0.21646628790845635, 0.8666985990568021, 0.5580868075949124, 0.8635926309092816, 0.6789147004724851, 0.4467550770304686, 0.48530929659414657, 0.5090207233356479, 0.9882639869061088, 0.4464185114469943, 0.24206832400331146, 0.9676579111906213, 0.576347355974054, 0.14210956897351013, 0.22409470058810543, 0.3503435206993619, 0.7066746432108861, 0.2279452435946565, 0.34513912741401576, 0.4389804202318891, 0.4055682746719461, 0.27189310297997693, 0.3227124817158601, 0.18273006396167457, 0.9409955186897287, 0.9818218768939139, 0.38812975970507646, 0.99305296439363, 0.27014239313274124, 0.15334774728578837, 0.7033136327374025, 0.6352168732892965, 0.4178913472726321, 0.03172885393092206, 0.6435364756356652, 0.9687089643136725, 0.7356307496122165, 0.6252230386412314, 0.1887771642686552, 0.10469173527986386, 0.6538223092826589, 0.48289375324259287, 0.2809377280160702, 0.1444197129861433, 0.9999768900440225], "defects": [0.7232152586320274, 0.03421358289074383, 0.6373454228360026, 0.5840898106006263, 0.41437446102398534, 0.961236315038663, 0.7150266733062033, 0.7081668536012884, 0.11750243344992728, 0.63363781832428, 0.5896843899961063, 0.30835307093427977, 0.3173337096579466, 0.9489949166204129, 0.12967095058319134, 0.1915740880167821, 0.8973644472285478, 0.2960213186797864, 0.9623229584675076, 0.5516204670163419, 0.001516781438847925, 0.7074211756228054, 0.8428421246175983, 0.8551965729284, 0.9961575786515043, 0.6489065847506639, 0.7731298103366112, 0.20927879567621366, 0.9459971442496777, 0.010363127621677126, 0.7423030951987002, 0.8888344377009886, 0.8928056316369222, 0.5687003114807591, 0.13622822925106026, 0.06593505023203505, 0.2215667842919079, 0.9318721868476966, 0.2114854800424536, 0.43927390208042916, 0.7889452551470063, 0.7301800271662967, 0.1546829843157419, 0.31838304720557786, 0.29710760862082997, 0.6756725122051207, 0.026335902530356003, 0.8036600393128832, 0.33759032972365177, 0.9168498833961806], "cost": [0.0678652594926542, 0.6498322974843407, 0.628710949175598, 0.5941485756975294, 0.37933607609824616, 0.05428797596236945, 0.2966050885946343, 0.9690076497712327, 0.6606643722433634, 0.9005976610607118, 0.6446878958148305, 0.8395606643995313, 0.8854412460555882, 0.15052666884021138, 0.021222123090611, 0.6548065969200436, 0.43484704680470787, 0.19601389341763442, 0.060789560790141306, 0.6524785555703217, 0.17517033581516117, 0.32498870343343245, 0.35255633078614135, 0.19224540869216722, 0.10911292907469383, 0.3932450381779853, 0.9085314250620159, 0.759283322541732, 0.4092403094582804, 0.9635344127376565, 0.547614847404514, 0.7221877473708007, 0.029765191307068117, 0.6403427296195944, 0.6528431781609714, 0.4684963304629087, 0.21768081804821293, 0.42892960980373007, 0.6672232564856526, 0.9002537683266155, 0.014298105467405509, 0.5630183233982615, 0.4321112440742564, 0.25311611948783486, 0.6413295898810562, 0.08526274653513544, 0.5562797001515061, 0.30733926353167407, 0.9649306694121829, 0.9211905108375829], "mandatory": [3, 33, 47], "require": [[49, 23], [45, 1], [26, 30], [16, 29], [34, 10], [30, 0], [29, 32], [28, 12], [36, 25], [29, 41], [31, 38], [46, 2], [49, 16], [4, 48], [16, 22], [8, 39], [13, 35], [36, 0], [39, 26], [17, 5], [4, 23], [21, 39], [3, 33], [49, 0], [1, 8], [8, 41], [30, 41], [22, 3], [13, 37], [25, 36], [24, 37], [39, 28], [17, 7], [30, 4], [49, 39], [29, 36], [5, 14], [45, 32], [32, 7], [35, 3], [38, 2], [12, 47], [38, 11], [44, 24], [19, 34], [2, 27], [0, 39], [29, 20], [31, 17], [36, 13], [12, 13], [11, 2], [28, 18], [5, 25], [14, 37], [41, 21], [47, 34], [4, 45], [16, 10], [28, 39], [42, 38], [20, 1]], "exclude": [[13, 16], [1, 44]], "alt_groups": [[12, 10, 6], [36, 23, 8], [34, 45, 26], [38, 18, 11], [44, 40, 1], [37, 42, 25]], "_x_star": [0, 0, 0, 1, 0, 0, 0, 1, 0, 0, 1, 0, 0, 0, 1, 0, 0, 0, 1, 1, 0, 0, 0, 1, 1, 0, 0, 1, 0, 0, 0, 0, 1, 1, 1, 0, 0, 1, 0, 0, 0, 0, 0, 0, 1, 0, 0, 1, 1, 0]}